x;f;L_3;Lopt_3;N_3;Nopt_3;S1_3;S2_3;S3_3;L_5;Lopt_5;N_5;Nopt_5;S1_5;S2_5;S3_5;L_10;Lopt_10;N_10;Nopt_10;S1_10;S2_10;S3_10;L_20;Lopt_20;N_20;Nopt_20;S1_20;S2_20;S3_20;L_50;Lopt_50;N_50;Nopt_50;S1_50;S2_50;S3_50;L_100;Lopt_100;N_100;Nopt_100;S1_100;S2_100;S3_100
-1;-1.3093362496096232;-1.309336249609623;-1.310018929753077;-1.3093362496096232;-1.3100189297530767;-1.3093362496096232;-1.3093362496096232;-1.3093362496096232;-1.3093362496096226;-1.3093707015326823;-1.309336249609623;-1.3093707015326814;-1.3093362496096232;-1.3093362496096232;-1.309336249609623;-1.3093362496094372;-1.309336237062661;-1.3093362496096235;-1.3093362370623811;-1.3093362496096232;-1.3093362496096232;-1.3093362496096232;-1.3093363885800726;-1.3093362483248172;-1.309336249609623;-1.3093362496096221;-1.3093362496096232;-1.3093362496096232;-1.3093362496096232;93644029668.125;33992497.84375;-1.3093578917960258;-1.309336241268179;-1.3093362496096232;-1.3093362496096232;-1.3093362496096232;-192782316339640800000000000000000000000000;9446565301345083000000000000000;-37235031133458168000000000;-104753934691407310;-1.3093362496096232;-1.3093362496096232;-1.3093362496096232
-0.98;-1.2588127865694316;-1.2586210114584855;-1.2592965437857817;-1.2586210114584857;-1.2592965437857817;-1.2723891249196144;-1.258796635868923;-1.2588096471974022;-1.2587887702597644;-1.2588253396929687;-1.258788770259765;-1.2588253396929678;-1.2668861707334145;-1.2588017456658127;-1.2588096344124327;-1.2588128523753532;-1.2588127940240512;-1.2588128523755162;-1.2588127940238627;-1.2626736281995283;-1.2588059874686137;-1.2588096433955218;-1.258812895816348;-1.2588127954441601;-1.2588127865695629;-1.258812786569432;-1.2605373839319056;-1.2588084764740797;-1.2588097349825145;50863132938.578125;17505182.0546875;-1.258835150732466;-1.2588127815394323;-1.2592452876758;-1.2588107686427117;-1.2588104091261674;-46810280448288150000000000000000000000000;3192320009276221000000000000000;-8749676965059193000000000;-36176838049010280;-1.2588127865694316;-1.2588127865694319;-1.2588127865694316
-0.96;-1.2091543257419768;-1.2087854856092402;-1.2094530538315869;-1.20878548560924;-1.2094530538315866;-1.2354420002296054;-1.2090977946468222;-1.2091482303118553;-1.2091112689786951;-1.209149694582138;-1.2091112689786956;-1.2091496945821374;-1.2244360918572057;-1.2091182338343816;-1.2091481280320988;-1.2091544217945485;-1.209154338399392;-1.2091544217946912;-1.2091543383992642;-1.216011006789433;-1.2091352010455851;-1.2091481998968157;-1.2091544094134041;-1.2091543300286824;-1.2091543257420898;-1.2091543257419763;-1.2117385182541884;-1.2091451570674492;-1.2091489325927538;27099448671.839844;8918365.0234375;-1.2091603355054303;-1.2091543227340729;-1.2091543257419768;-1.2091543257419775;-1.209154325741976;-11048038450426617000000000000000000000000;991738672549054600000000000000;-2000445428975915500000000;-12692970878954166;-1.2091543257419768;-1.2091543257419768;-1.209154325741976
-0.94;-1.1603581358750303;-1.1598269838942346;-1.1604858126538788;-1.1598269838942343;-1.1604858126538786;-1.1984948755395965;-1.1602397259433208;-1.160349584479656;-1.1603004971547133;-1.160340518266789;-1.1603004971547137;-1.1603405182667883;-1.1819860129809971;-1.1602857141153293;-1.1603492392854788;-1.1603582387266496;-1.1603581456975243;-1.1603582387267746;-1.1603581456974337;-1.169348385379338;-1.1603238903405377;-1.1603494818288975;-1.1603581989000087;-1.1603581355491046;-1.1603581358750927;-1.1603581358750301;-1.1629396525764708;-1.1603462913897318;-1.1603519546776884;14169179313.435547;4492619.465576172;-1.1603608899614244;-1.1603581340903588;-1.1607879337341211;-1.160360167804226;-1.160365341938542;-2529817894113944400000000000000000000000;288668211068818670000000000000;-444302072584364400000000;-4530961727267322;-1.1603581358750303;-1.1603581358750303;-1.1603581358750281
-0.92;-1.1124215417262655;-1.111742818145817;-1.1123921730160446;-1.1117428181458169;-1.1123921730160446;-1.161547750849588;-1.1122224297584191;-1.1124112952274787;-1.1123532880246747;-1.1123946455523146;-1.112353288024675;-1.1123946455523142;-1.1395359341047888;-1.1123041865086565;-1.1124104769894299;-1.1124216369623656;-1.1124215452877795;-1.1124216369624733;-1.1124215452877104;-1.1226857639692431;-1.1123720553534713;-1.1124110519071624;-1.1124215887349944;-1.1124215398985275;-1.1124215417262877;-1.1124215417262655;-1.114140786898754;-1.1124118794409277;-1.1124169134746669;7274433784.588379;2236372.3497314453;-1.1124231151510209;-1.112421540675109;-1.1124215417262655;-1.1124215417262655;-1.1124215417262655;-560775239970871260000000000000000000000;79487680436631400000000000000;-95690081595430400000000;-1647280024861917.5;-1.1124215417262655;-1.1124215417262655;-1.1124215417262633
-0.9;-1.0653419212210364;-1.0645303001963353;-1.065169487681471;-1.0645303001963353;-1.0651694876814706;-1.1246006261595791;-1.0650459060921167;-1.0653309480819975;-1.0652665540319306;-1.065308991308211;-1.0652665540319313;-1.065308991308211;-1.09708585522858;-1.0651736510143626;-1.065329349960808;-1.0653420009920112;-1.0653419180593817;-1.0653420009921044;-1.0653419180593222;-1.0760231425591478;-1.0652796960843856;-1.0653304728470043;-1.0653419561147994;-1.0653419201139611;-1.0653419212210367;-1.065341921221037;-1.0653419212210364;-1.0653419212210364;-1.0653419212210364;3668248642.9299316;1099309.7473144531;-1.065342727011851;-1.065341920606139;-1.065769122220365;-1.0653399018992826;-1.0653154611313715;-120005964873675980000000000000000000000;20811512491053170000000000000;-19942377992992610000000;-610489152707906;-1.0653419212210364;-1.0653419212210364;-1.0653419212210054
-0.88;-1.019116702714465;-1.0181867418781376;-1.0188151094135438;-1.0181867418781374;-1.0188151094135436;-1.08765350146957;-1.0187101549444137;-1.0191061285698855;-1.0190372841842672;-1.019080547793386;-1.019037284184268;-1.0190805477933855;-1.0546357763523715;-1.0188941076324476;-1.0191033670164704;-1.0191167637831013;-1.0191166940974954;-1.0191167637831822;-1.0191166940974392;-1.0293605211490529;-1.019046812533281;-1.0191053073638179;-1.0191167285793956;-1.019116703000501;-1.0191167027144568;-1.019116702714465;-1.0208155440785636;-1.0191264607081942;-1.019124357458207;1817011464.9466553;533199.1640167236;-1.0191170906720268;-1.0191167023570493;-1.0191167027144648;-1.019116702714465;-1.019116702714466;-24707891817254196000000000000000000000;5193946204616665000000000000;-4011508550842924000000;-230869535418639.9;-1.0191167027144652;-1.019116702714465;-1.0191167027144274
-0.86;-0.9737433623514652;-0.9727094550235718;-0.9733263909756504;-0.9727094550235718;-0.9733263909756503;-1.0507063767795612;-0.9732151763153101;-0.9737344222178175;-0.9736625414118447;-0.9737063819814659;-0.9736625414118453;-0.9737063819814655;-1.0121856974761627;-0.973465556362912;-0.9737300369732742;-0.9737434045721765;-0.9737433503809904;-0.9737434045722451;-0.973743350380933;-0.9826978997389579;-0.9736734047001574;-0.9737331181729969;-0.9737433815339887;-0.9737433636674819;-0.9737433623514575;-0.9737433623514647;-0.9762891669360907;-0.9737555418805364;-0.9737586709438363;884019240.748291;254956.93085098267;-0.9737435491486843;-0.9737433621449328;-0.9741680621165745;-0.9737453929836521;-0.9738419847106563;-4872054405132847700000000000000000000;1236697185846021000000000000;-776418319687933500000;-89218228685601.11;-0.9737433623514653;-0.9737433623514653;-0.973743362352252
-0.84;-0.929219421518684;-0.9280957514649861;-0.9287006851311774;-0.9280957514649861;-0.9287006851311772;-1.0137592520895524;-0.9285609702048061;-0.9292134145524671;-0.929139459925135;-0.929183632886107;-0.9291394599251356;-0.9291836328861068;-0.9697356185999542;-0.9288879972057555;-0.929206868648076;-0.9292194466752892;-0.9292194085062414;-0.9292194466753478;-0.9292194085061813;-0.9360352783288626;-0.9291594725850147;-0.9292114679899363;-0.9292194357599527;-0.9292194231440448;-0.9292194215186791;-0.9292194215186831;-0.9317627897936178;-0.9292291647380637;-0.929238577739644;422362962.07710266;120061.81248664856;-0.9292195113925844;-0.9292194213999814;-0.929219421518684;-0.9292194215186838;-0.9292194215186802;-914282457357477500000000000000000000;280863856353781800000000000;-144008216735465240000;-35297709124452.984;-0.9292194215186839;-0.929219421518684;-0.9292194215195195
-0.8200000000000001;-0.8855424443826455;-0.8843429430347289;-0.8849353446435115;-0.8843429430347288;-0.8849353446435113;-0.9768121273995436;-0.8847475366129018;-0.8855406911005086;-0.8854652425728617;-0.8855095088863014;-0.8854652425728623;-0.8855095088863013;-0.9272855397237456;-0.8851614301609785;-0.885531370857733;-0.8855424553209444;-0.8855424324405846;-0.8855424553209942;-0.8855424324405211;-0.8893726569187679;-0.8855050161878533;-0.8855379195300304;-0.8855424549586649;-0.885542445707442;-0.8855424443826435;-0.8855424443826446;-0.8872364126511454;-0.8855473292807758;-0.8855577939073497;198106176.22239494;55613.2661883831;-0.8855424867395804;-0.885542444314756;-0.8859647285136785;-0.8855404238501583;-0.8851744043506571;-161745526361721370000000000000000000;60776537003460730000000000;-25457516347792294000;-14324062489468.93;-0.8855424443826456;-0.8855424443826454;-0.885542444380917
-0.8;-0.8427100355086726;-0.8414483415651477;-0.8420277222760388;-0.8414483415651474;-0.8420277222760387;-0.9398650027095348;-0.8417748755395968;-0.8427138373886155;-0.8426371581999383;-0.8426812850516867;-0.8426371581999389;-0.8426812850516867;-0.8848354608475371;-0.8422858552285801;-0.8427010524191018;-0.8427100355086308;-0.8427100263083848;-0.8427100355086729;-0.8427100263083188;-0.8427100355086727;-0.8427100355086727;-0.8427100355086726;-0.8427100433521628;-0.8427100362326521;-0.8427100355086726;-0.8427100355086722;-0.8427100355086725;-0.8427100355086727;-0.8427100355086725;91184163.68970156;25302.655569434166;-0.842710054999777;-0.8427100354700144;-0.8427100355086725;-0.8427100355086726;-0.8427100355086736;-26560434222738337000000000000000000;12510964602797040000000000;-4255860867247498000;-5968334060976.901;-0.8427100355086726;-0.8427100355086727;-0.8427100355329458
-0.78;-0.800719837555433;-0.7994092588885903;-0.7999751707921465;-0.7994092588885902;-0.7999751707921464;-0.9029178780195259;-0.7996429869848911;-0.8007304389434617;-0.8006525390054069;-0.8006963004678544;-0.8006525390054074;-0.8006963004678543;-0.8423853819713283;-0.8002612724085612;-0.8007134221490391;-0.8007198298955273;-0.8007198322120777;-0.8007198298955625;-0.8007198322120108;-0.8044724991663504;-0.8007575633362691;-0.8007253067765412;-0.8007198433518522;-0.8007198376853868;-0.8007198375554337;-0.8007198375554329;-0.8023950720185972;-0.8007150244670489;-0.800692126852361;41164780.378225684;11287.906236678362;-0.8007198463792415;-0.800719837533505;-0.8011397822744354;-0.8007218670525712;-0.8020933658097036;-3932567399204538500000000000000000;2445751226476676000000000;-664690522867730600;-2550551382136.91;-0.8007198375554331;-0.800719837555433;-0.8007198375707958
-0.76;-0.7595695290401985;-0.7582230068374051;-0.758775042955221;-0.7582230068374051;-0.7587750429552208;-0.8659707533295171;-0.7583518709487851;-0.7595880812917215;-0.7595087779003786;-0.7595519555616581;-0.7595087779003791;-0.7595519555616582;-0.7999353030951197;-0.7590876817009211;-0.7595659888644019;-0.7595695167134027;-0.7595695280899544;-0.759569516713432;-0.7595695280898883;-0.7662349628240283;-0.7596306324594393;-0.7595809367254479;-0.7595695332986777;-0.7595695287823306;-0.7595695290401996;-0.7595695290401988;-0.7620801085285217;-0.7595600372011992;-0.7595133252352765;18215881.174582243;4926.57455214113;-0.7595695329783997;-0.7595695290278013;-0.7595695290401984;-0.7595695290401985;-0.7595695290402134;-490759551288389540000000000000000;453592055174890700000000;-94954653761272640;-1113114642228.4187;-0.7595695290401985;-0.7595695290401986;-0.759569528978318
-0.74;-0.7192568221701426;-0.7178868972439402;-0.7184246915286491;-0.7178868972439401;-0.7184246915286489;-0.8290236286395081;-0.7179015274312783;-0.7192843499600688;-0.7192033258659699;-0.7192457094265227;-0.7192033258659705;-0.7192457094265227;-0.757485224218911;-0.7187650831056602;-0.7192562613820472;-0.7192568077172357;-0.7192568256119551;-0.7192568077172601;-0.7192568256118915;-0.7279974264817058;-0.7193292428781831;-0.7192740568824871;-0.7192568252736;-0.719256821797865;-0.7192568221701432;-0.7192568221701431;-0.721765145038446;-0.7192450737111237;-0.7191859962013104;7895569.583277553;2097.4885818623006;-0.7192568238935755;-0.7192568221631531;-0.7196744948877047;-0.7192548005686973;-0.7141307407703152;-40484457189218237000000000000000;79938181109580450000000;-11877386474160956;-492099261038.7936;-0.7192568221701428;-0.7192568221701426;-0.7192568213213235
-0.72;-0.6797794607352109;-0.6783982419405437;-0.6789214692758173;-0.6783982419405434;-0.6789214692758171;-0.7920765039494992;-0.6782919564323711;-0.6798168304751774;-0.6797336893112439;-0.6797750771477516;-0.6797336893112442;-0.6797750771477515;-0.7150351453427024;-0.6792934766227787;-0.6797817485188319;-0.679779446166606;-0.6797794681142321;-0.6797794461666259;-0.679779468114172;-0.6897598901393837;-0.6798533945925006;-0.6798017987747542;-0.6797794629747823;-0.6797794604824786;-0.6797794607352109;-0.6797794607352114;-0.6814501815483706;-0.6797701339968223;-0.6797225052943532;3349432.5413939394;868.1592810936272;-0.6797794614719134;-0.6797794607312788;-0.6797794607352108;-0.6797794607352108;-0.6797794607352046;2106840560201247100000000000000;13499297419947992000000;-1152298495832679;-217752530571.54047;-0.6797794607352109;-0.6797794607352109;-0.6797794550657272
-0.7;-0.641135218058295;-0.6397543527595632;-0.6402627289601124;-0.639754352759563;-0.6402627289601123;-0.7551293792594904;-0.6395231579520634;-0.6411831083637214;-0.641097427431147;-0.6411376271278362;-0.6410974274311474;-0.641137627127836;-0.6725850664664936;-0.6406728622522762;-0.6411399590916127;-0.641135204840475;-0.6411352285728023;-0.6411352048404912;-0.6411352285727475;-0.6515223537970615;-0.6412030876023915;-0.6411612939293436;-0.6411352196567544;-0.641135218059627;-0.641135218058295;-0.6411352180582954;-0.6411352180582951;-0.641135218058295;-0.6411352180582952;1389338.8887059009;347.87774578493554;-0.6411352183665768;-0.6411352180560853;-0.6415506778669181;-0.6411372465438249;-0.6602660080266674;2033639627312961700000000000000;2234737221970913400000;-39331492508311.055;-94889286766.16867;-0.6411352180582951;-0.641135218058295;-0.6411352194845676
-0.6799999999999999;-0.6033218949986252;-0.6019525415333471;-0.602445823344921;-0.6019525415333469;-0.6024458233449209;-0.7181822545694816;-0.6015951319903552;-0.6033807691523747;-0.6032921495644499;-0.6033309784117642;-0.6032921495644502;-0.6033309784117643;-0.6301349875902851;-0.6029032399941526;-0.6033284019172466;-0.6033218840855792;-0.6033219076161953;-0.6033218840855925;-0.6033219076161467;-0.6132848174547393;-0.6033783219078561;-0.6033496738733506;-0.6033218961265086;-0.6033218952758053;-0.6033218949986249;-0.603321894998625;-0.6049751088637259;-0.6033312729788691;-0.6034249803658892;562902.8652551554;133.6618187817803;-0.6033218951251892;-0.6033218949973843;-0.6033218949986253;-0.6033218949986252;-0.6033218949987713;624643893138278460000000000000;379670640541874260000;18595650479038.027;-39807147603.73697;-0.6033218949986252;-0.6033218949986252;-0.6033218801021576
-0.6599999999999999;-0.5663373180044599;-0.5649901200942432;-0.5654681051936297;-0.5649901200942432;-0.5654681051936296;-0.6812351298794725;-0.5645078785472464;-0.566407398367811;-0.5663155125516844;-0.5663527980123282;-0.5663155125516848;-0.5663527980123283;-0.5876849087140763;-0.5659846098484084;-0.5663445858125904;-0.56633730989828;-0.5663373315766161;-0.5663373098982906;-0.5663373315765744;-0.5750472811124171;-0.5663790975088943;-0.5663640701338698;-0.566337318791554;-0.5663373184878879;-0.5663373180044597;-0.5663373180044592;-0.5688149996691569;-0.5663492458418716;-0.5665465594053378;222499.03778260257;47.69175318048656;-0.5663373180552183;-0.5663373180037625;-0.5667506161049651;-0.5663352954407419;-0.4949402331405963;146979489044353540000000000000;70411089047345140000;6765385576810.964;-15491425024.239115;-0.5663373180044597;-0.5663373180044597;-0.5663370490074158
-0.64;-0.5301793372113053;-0.5288644002746;-0.5293269272696255;-0.5288644002745999;-0.5293269272696254;-0.6442880051894639;-0.5282613976227373;-0.5302605815367049;-0.5301652180930843;-0.530200798235434;-0.5301652180930847;-0.5302007982354341;-0.545234829837868;-0.5299169718150434;-0.5301860195945013;-0.5301793320393897;-0.5301793505788092;-0.5301793320393982;-0.5301793505787746;-0.5368097447700949;-0.5302054144055063;-0.5302016142379965;-0.530179337755256;-0.5301793377796811;-0.5301793372113051;-0.5301793372113046;-0.5326548904745882;-0.5301891366473028;-0.530443202693705;85686.21542796193;14.339809174432958;-0.5301793372310635;-0.530179337210912;-0.5301793372113053;-0.5301793372113053;-0.5301793372123029;29958102364909720000000000000;14753391555945886000;1584374117211.2053;-5155836424.92335;-0.5301793372113052;-0.5301793372113053;-0.5301789045333862
-0.62;-0.4948458245820405;-0.4935726939067649;-0.49401964233629453;-0.4935726939067649;-0.49401964233629436;-0.6073408804994551;-0.49285568921682743;-0.49493790418572964;-0.49483901010652237;-0.49487273400540854;-0.4948390101065226;-0.49487273400540854;-0.5027847509616592;-0.49470032589405744;-0.4948502120798357;-0.4948458221811719;-0.49484583666548526;-0.4948458221811784;-0.4948458366654582;-0.4985722084277727;-0.49485727259769163;-0.49485943771282503;-0.49484582495513874;-0.49484582510517494;-0.49484582458204035;-0.4948458245820396;-0.49649478128001934;-0.4948509453951625;-0.49505815774805456;32101.3347943303;2.6141947394680756;-0.49484582458951276;-0.49484582458181803;-0.49525700464837796;-0.4948478521472348;-0.761303368622066;5511802739301426000000000000;3391079196423883300;307617276628.37933;-1073140206.713999;-0.4948458245820404;-0.4948458245820405;-0.4948463439941406
-0.6;-0.46033467208545054;-0.4591123128230863;-0.45954360315702364;-0.4591123128230862;-0.45954360315702353;-0.5703937558094461;-0.458290753329517;-0.4604369518415595;-0.4603346720854502;-0.4603664001903093;-0.46033467208545054;-0.46036640019030933;-0.46033467208545065;-0.46033467208545054;-0.4603346720854505;-0.46033467208544565;-0.4603346819578996;-0.4603346720854506;-0.4603346819578796;-0.46033467208545054;-0.46033467208545054;-0.46033467208545054;-0.46033467234019043;-0.4603346724591186;-0.46033467208545065;-0.46033467208544976;-0.4603346720854504;-0.4603346720854506;-0.4603346720854512;11678.71251813954;-0.32263871469211836;-0.46033467208821377;-0.46033467208532375;-0.4603346720854504;-0.4603346720854506;-0.4603346720841728;931726977821557600000000000;802305274403898900;52855706516.264145;316829022.92841774;-0.46033467208545054;-0.46033467208545054;-0.46033573150634766
-0.5800000000000001;-0.4266437899097856;-0.4254805688559121;-0.4258961624951996;-0.42548056885591207;-0.42589616249519957;-0.5334466311194375;-0.42456658996080626;-0.42675531003086864;-0.42665002445683736;-0.42667962892723266;-0.42665002445683764;-0.4266796289272327;-0.4343012048769056;-0.426789848860227;-0.42663706114051525;-0.42664379181145945;-0.42664379684990344;-0.42664379181146317;-0.42664379684989007;-0.4303012048769056;-0.42663247848658736;-0.4266250353318167;-0.4266437900834858;-0.42664379007664244;-0.42664378990978574;-0.42664378990978513;-0.42827607934346834;-0.42663870206625604;-0.42625909252103966;4117.1824413075165;-0.2923099263414457;-0.42664378991077856;-0.4266437899097128;-0.4270528883967617;-0.42664176646078567;0.5677893059291819;145894874928000000000000000;185606557269585340;8237199545.547065;627630266.6377788;-0.4266437899097856;-0.4266437899097856;-0.4266624450683594
-0.56;-0.39377110470807264;-0.3926747738375903;-0.39307467311420896;-0.3926747738375902;-0.39307467311420885;-0.49649950642942864;-0.39168319911069477;-0.3938905642803305;-0.39378292193910897;-0.39381028694762166;-0.39378292193910924;-0.3938102869476216;-0.40826773766836055;-0.3940356946893905;-0.3937556516234478;-0.39377110795197423;-0.39377110823357353;-0.39377110795197706;-0.39377110823356615;-0.40026773766836055;-0.39374555741890577;-0.39373059122326093;-0.3937711048267003;-0.39377110466339255;-0.39377110470807275;-0.3937711047080726;-0.3962174866014859;-0.39376142068566755;-0.3929901630622912;1402.8605309124166;0.030282831966244927;-0.3937711047084119;-0.3937711047080303;-0.39377110470807264;-0.3937711047080727;-0.39377110472196364;21231198466393830000000000;40829851774794280;1175475018.869553;563122238.8519162;-0.39377110470807264;-0.39377110470807275;-0.393768310546875
-0.54;-0.36171455787200274;-0.36069223960046903;-0.3610764877774383;-0.360692239600469;-0.3610764877774382;-0.4595523817394197;-0.3596405807791828;-0.3618403001166194;-0.3617312509000862;-0.3617562729025753;-0.3617312509000864;-0.3617562729025753;-0.3822342704598155;-0.3620722095729413;-0.36168886862497907;-0.361714561895793;-0.3617145577543168;-0.36171456189579504;-0.36171455775431477;-0.3702342704598155;-0.3616739088824061;-0.36165198997996983;-0.3617145579532776;-0.36171455765653976;-0.3617145578720029;-0.3617145578720031;-0.3641588938595035;-0.3617028279436852;-0.36072972701475703;460.5614307826505;-0.12458790761381744;-0.36171455787211265;-0.3617145578719776;-0.362121604269685;-0.36171658458051037;-4.072989393534954;2872200253869823500000000;8434470530368474;153844121.41849247;409342254.5196485;-0.3617145578720028;-0.36171455787200274;-0.36151123046875
-0.52;-0.3304721038312973;-0.3295302779768962;-0.3298989592482745;-0.3295302779768961;-0.32989895924827434;-0.4226052570494109;-0.3284387349662703;-0.33060210306640914;-0.33049292671492375;-0.3305155146881566;-0.3304929267149239;-0.3305155146881567;-0.35620080325127035;-0.33089939351087927;-0.33043513723583945;-0.33047210811478106;-0.33047210009316774;-0.33047210811478245;-0.33047210009316996;-0.34020080325127033;-0.3304175328770883;-0.3303898818221298;-0.33047210388713244;-0.3304721035156375;-0.3304721038312972;-0.3304721038312978;-0.3321003011175212;-0.33046292384030895;-0.32967962768398873;145.12359375239672;-0.4769116257290117;-0.33047210383133274;-0.330472103831282;-0.3304721038312973;-0.3304721038312974;-0.3304721038439311;360494395929285900000000;1627491345908400.3;18382727.107514895;267751676.92892522;-0.33047210383129727;-0.3304721038312973;-0.3309326171875
-0.5;-0.3000417083755388;-0.29918620079922004;-0.29953944029010393;-0.2991862007992199;-0.2995394402901038;-0.38565813235940194;-0.29807766167195726;-0.3001735586563738;-0.30006589112404947;-0.30008596677070126;-0.30006589112404963;-0.3000859667707013;-0.3301673360427253;-0.30051724650320444;-0.2999928825467596;-0.30004171247326583;-0.30004170127384117;-0.3000417124732666;-0.3000417012738466;-0.3101673360427253;-0.29997642940295227;-0.29994491696992726;-0.30004170841388816;-0.30004170804096447;-0.30004170837553873;-0.30004170837553945;-0.3000417083755388;-0.30004170837553873;-0.30004170837553745;43.6334356956625;-0.5847193475492235;-0.30004170837555033;-0.30004170837552935;-0.300446725413406;-0.3000396840923324;13.550624541239813;41805876541046330000000;292515832453680.25;1982076.419253785;163802703.63669863;-0.3000417083755388;-0.3000417083755388;-0.29833984375
-0.48;-0.27042134699551457;-0.2696573198997883;-0.2699952836663134;-0.2696573198997882;-0.26999528366631337;-0.348711007669393;-0.2685573608962437;-0.2705522524131872;-0.2704481095911029;-0.27046560751212606;-0.270448109591103;-0.27046560751212617;-0.30413386883418025;-0.2709257685499169;-0.27036052964847024;-0.27042135055755545;-0.2704213369919695;-0.27042135055755606;-0.2704213369919775;-0.28013386883418023;-0.2703505984599981;-0.27031774564354855;-0.2704213470217111;-0.270421346715932;-0.27042134699551446;-0.2704213469955152;-0.272033366700431;-0.2704305431241435;-0.27185701777205784;12.361858528102587;-0.3778912050008063;-0.2704213469955173;-0.2704213469955086;-0.2704213469955147;-0.27042134699551457;-0.27042134704242926;4449987975280445000000;48847994420998.13;188295.9010456435;95493004.04132663;-0.27042134699551457;-0.27042134699551457;-0.2734375
-0.45999999999999996;-0.24160900324118065;-0.24094094711094924;-0.2412638421402896;-0.24094094711094916;-0.24126384214028956;-0.3117638829793842;-0.23987783263912957;-0.24173576986352335;-0.24163756866087419;-0.2416524364952373;-0.24163756866087432;-0.24165243649523738;-0.2781004016256351;-0.24212495965101652;-0.2415365036317019;-0.24160900602319013;-0.2416089909638323;-0.24160900602319038;-0.2416089909638419;-0.25010040162563507;-0.24154004004822577;-0.24150901806318;-0.24160900325885964;-0.24160900306946548;-0.24160900324118068;-0.24160900324118093;-0.2440250250253232;-0.241620789660892;-0.2445234260646041;3.183177769820847;-0.11897618260357361;-0.24160900324118123;-0.24160900324117682;-0.24201200704445847;-0.24161102913211435;-51.932999164331704;430377066383002440000;7552393240899.686;14948.73545034329;53612276.56245492;-0.24160900324118062;-0.24160900324118065;-0.2421875
-0.43999999999999995;-0.21360266709340237;-0.2130343942650508;-0.21334246847541918;-0.21303439426505072;-0.2133424684754191;-0.27481675828937524;-0.212039076900615;-0.2137216965340563;-0.21363227331724316;-0.21364447184903945;-0.21363227331724327;-0.21364447184903948;-0.25206693441709005;-0.2141148198065034;-0.21351922958718517;-0.21360266895742525;-0.21360265329178837;-0.21360266895742533;-0.21360265329179876;-0.22006693441709002;-0.2135447541676353;-0.2135193844490082;-0.2136026671051063;-0.21360266705398964;-0.21360266709340228;-0.21360266709340234;-0.2160166833502154;-0.21361244798578424;-0.2172780088213373;0.6472212800787447;-0.05203140694247319;-0.21360266709340275;-0.2136026670933999;-0.21360266709340237;-0.2136026670934024;-0.21360266726696864;37211461271716340000;1075266783370.2943;845.5810833229757;29176332.503737766;-0.21360266709340237;-0.21360266709340234;-0.171875
-0.42000000000000004;-0.18640033334666725;-0.18593497319444113;-0.18622851543508886;-0.18593497319444105;-0.18622851543508884;-0.23786963359936664;-0.18504109368069996;-0.18650761795145998;-0.18643024434111788;-0.1864397475740435;-0.18643024434111796;-0.1864397475740435;-0.2260334672085451;-0.18689534901637767;-0.1863071326056508;-0.18640033425435584;-0.1864003188435408;-0.1864003342543558;-0.18640031884355115;-0.19003346720854508;-0.1863647408182268;-0.1863494950212195;-0.18640033335422226;-0.18640033343470208;-0.1864003333466672;-0.1864003333466669;-0.18800834167510783;-0.18640551809882033;-0.18935784161041624;0.009046071688427299;-0.1694244580356085;-0.1864003333466676;-0.18640033334666556;-0.18680133354670136;-0.18639830825686796;192.7284940625541;2795497309629030000;139790316977.77057;4.948783642290409;15455790.253154004;-0.18640033334666728;-0.18640033334666728;-0.1875
-0.4;-0.16000000000000003;-0.15963999573146806;-0.15991933578268505;-0.15963999573146798;-0.15991933578268502;-0.2009225089093577;-0.15888388297938427;-0.16009111964240816;-0.1600295156683733;-0.16003631086757528;-0.16002951566837342;-0.16003631086757528;-0.20000000000000007;-0.16046654728063897;-0.15989863777782912;-0.16000000000000023;-0.1599999856422898;-0.16000000000000011;-0.15999998564229956;-0.16000000000000003;-0.16;-0.1600000000000001;-0.16000000000473935;-0.16000000018611663;-0.16;-0.15999999999999928;-0.16000000000000003;-0.16000000000000003;-0.15999999999999925;-0.12126694650591535;-0.2826707176103521;-0.16000000000000017;-0.15999999999999895;-0.16000000000000003;-0.16000000000000003;-0.15999999945051968;171732049440318560;16370950758.339584;-7.193915656112429;7990756.240817148;-0.16000000000000014;-0.16000000000000006;-0.75
-0.38;-0.13439966665333278;-0.13414677370847963;-0.13441228228159455;-0.13414677370847958;-0.13441228228159452;-0.16397538421934887;-0.13356744479666804;-0.13446978713357488;-0.13442813174779086;-0.13443221944908434;-0.1344281317477909;-0.13443221944908437;-0.17396653279145496;-0.13482841459928746;-0.13429217019445078;-0.13439966586459529;-0.13439965326478012;-0.13439966586459512;-0.1343996532647888;-0.137966532791455;-0.1344352591817732;-0.13446944514286086;-0.13439966665622866;-0.1343996668923006;-0.13439966665333278;-0.1343996666533319;-0.13599165832489224;-0.13439448190117967;-0.12904167932451438;-0.1280517953364226;-0.2490986340259511;-0.1343996666533328;-0.13439966665333206;-0.13479866645329885;-0.1344016917431321;-720.1025870856829;7137560992728443;1686871896.12965;-1.3434655308387538;4037801.374346466;-0.1343996666533328;-0.13439966665333275;1.5
-0.36;-0.10959733290659755;-0.109452618957824;-0.10970470769520399;-0.10945261895782393;-0.10970470769520395;-0.12702825952933994;-0.10909177913255128;-0.10964120595163412;-0.10962414489899666;-0.10962553888545246;-0.10962414489899669;-0.10962553888545246;-0.14793306558290992;-0.10998095097232324;-0.10948615494624656;-0.10959733149929067;-0.1095973212441962;-0.10959733149929048;-0.10959732124420335;-0.11593306558290989;-0.10965524583236455;-0.10974795835661036;-0.10959733290834213;-0.10959733314769513;-0.10959733290659757;-0.1095973329065966;-0.11198331664978445;-0.10958755201421563;-0.0987205539834557;-0.10892355629152652;-0.10125912705830044;-0.10959733290659764;-0.10959733290659697;-0.10959733290659762;-0.10959733290659757;-0.10959733324125409;-31353015441893.297;145833945.00250804;-0.23622037931486628;1995070.540315005;-0.10959733290659757;-0.10959733290659757;-6
-0.33999999999999997;-0.08559099675881923;-0.0855548433118491;-0.08579396478690005;-0.08555484331184904;-0.08579396478690002;-0.09008113483933111;-0.085456885987034;-0.08560296162325988;-0.08561561267040066;-0.08561433991630155;-0.08561561267040067;-0.08561433991630155;-0.12189959837436481;-0.08592415639974621;-0.08547901712394691;-0.08559099493437752;-0.08559098747482957;-0.08559099493437732;-0.08559098747483496;-0.09389959837436479;-0.08565995995177408;-0.08582356308538153;-0.08559099675988298;-0.08559099695585119;-0.08559099675881926;-0.08559099675881841;-0.08797497497467666;-0.08557921033910784;-0.07187441814258388;-0.08566913988768497;0.020043543002656167;-0.08559099675881937;-0.08559099675881884;-0.08598799295554144;-0.08558897086788564;2686.872264286503;-43824252933833.42;9290050.821971988;-0.09193344228654375;963531.309435879;-0.0855909967588192;-0.08559099675881922;-16
-0.31999999999999995;-0.06237865300448536;-0.06245075860290299;-0.06267740632006935;-0.06245075860290294;-0.06267740632006932;-0.07075167417476241;-0.06264144196569195;-0.06235269014024025;-0.062400595197135346;-0.06239669577930274;-0.06240059519713536;-0.06239669577930272;-0.09586613116581971;-0.06265803088155641;-0.06226918181828251;-0.06237865097614346;-0.06237864661541345;-0.06237865097614328;-0.06237864661541692;-0.07186613116581975;-0.06244940154000175;-0.0626842827733072;-0.062378653005165985;-0.0623786531237433;-0.06237865300448534;-0.06237865300448481;-0.06396663329956886;-0.06236945687585632;-0.051341065967663635;-0.062446053451394104;0.022517787516894854;-0.062378653004485446;-0.0623786530044851;-0.06237865300448536;-0.06237865300448542;-0.0623786486685276;-5424582461591.183;179767.83190638633;-0.061165590246173525;454388.2272779905;-0.06237865300448536;-0.06237865300448536;64
-0.30000000000000004;-0.03995829162446125;-0.040137676663333885;-0.04035238505809873;-0.04013767666333383;-0.040352385058098704;-0.060231045522913834;-0.04057614603664618;-0.03988861415131594;-0.039977152558994866;-0.039970679535484714;-0.039977152558994866;-0.039970679535484686;-0.06983266395727478;-0.04018257441775394;-0.039855074119984034;-0.0399582895994036;-0.03995828848799775;-0.03995828959940341;-0.03995828848799929;-0.04983266395727476;-0.040023570597047725;-0.04031814086452046;-0.039958291624928845;-0.03995829164952831;-0.039958291624461226;-0.03995829162446102;-0.03995829162446124;-0.03995829162446121;-0.03995829162445941;-0.039971378883502294;-0.05699969923982331;-0.0399582916244613;-0.039958291624461045;-0.0403532745865941;-0.039960315907667646;-10027.903192006052;-454815288007.3098;-61054.01811973639;-0.039398087349445436;208938.5374715657;-0.03995829162446124;-0.03995829162446127;-128
-0.28;-0.01832789616870273;-0.018612909325489452;-0.01881625376437453;-0.018612909325489414;-0.018816253764374513;-0.0497104168710652;-0.01925566735129043;-0.018209334793583724;-0.018343342138373245;-0.01833436139454173;-0.01834334213837324;-0.01833436139454169;-0.04379919674872973;-0.018497787008338568;-0.018235119119781856;-0.018327894332723298;-0.01832789646922238;-0.01832789433272315;-0.018327896469222046;-0.027799196748729715;-0.01838246712291175;-0.018713160803153932;-0.018327896169041735;-0.018327896101683092;-0.018327896168702715;-0.018327896168702874;-0.01989969888247889;-0.018337076159691032;-0.03832420483656218;-0.018331352357904077;-0.10871660626260163;-0.018327896168702805;-0.01832789616870257;-0.01832789616870273;-0.018327896168702743;-0.01832791045308113;-29811037186.051765;-12264.90380817262;-0.01817749900447315;93525.95765555494;-0.01832789616870273;-0.018327896168702687;256
-0.26;0.0025145578720027068;0.0021262315782820747;0.0019336347977164411;0.002126231578282114;0.0019336347977164572;-0.039189788219216565;0.0013199940903751567;0.002686540487719917;0.0025027840217959167;0.0025141939598570945;0.0025027840217959436;0.002514193959857136;-0.017765729540184627;0.0023963313466895536;0.002592258091593264;0.002514559366681273;0.002514554129163714;0.0025145593666813953;0.002514554129165772;-0.0057657295401846165;0.0024739088824060895;0.0021426339666593373;0.002514557871757964;0.002514558012603391;0.00251455787200275;0.0025145578720022744;0.0001588938595034617;0.0025028279436852124;-0.038078177558884096;0.002509791043775637;-0.06541797468072458;0.0025145578720026053;0.0025145578720028525;0.0021216042696848847;0.002516584580510295;37424.497594073415;-1577786741.6287942;-1510.4875801975418;0.0025450585207110943;40684.35566756735;0.0025145578720027206;0.002514557872002693;-2048
-0.24;0.022571104708072567;0.022082434215632676;0.021899927864787547;0.022082434215632715;0.02189992786478756;-0.028669159567367958;0.021150838288350585;0.022800404247358706;0.022563181860101145;0.022576930044759847;0.02256318186010118;0.02257693004475989;0.00826773766836042;0.022499780647330478;0.02262863242341079;0.022571105751414456;0.02257109769370578;0.022571105751414557;0.022571097693709335;0.016267737668360427;0.02254555741890575;0.02226122000078645;0.02257110470791014;0.022571104892072393;0.022571104708072602;0.02257110470807191;0.02021748660148584;0.022561420685667577;-0.02861989730415848;0.022571421555966885;0.040132083739364145;0.02257110470807249;0.022571104708072696;0.022571104708072554;0.022571104708072554;0.022571086883544922;-67227675.04927652;-143.6338495819768;0.022574446529460106;17164.698309531115;0.022571104708072554;0.022571104708072588;2048
-0.21999999999999997;0.04184378990978548;0.041258386754214345;0.04108527267345212;0.04125838675421438;0.04108527267345213;-0.01814853091551931;0.04023686524263591;0.04213364904009635;0.04183981793871407;0.04185580125262316;0.041839817938714115;0.04185580125262321;0.03430120487690552;0.04181256089358418;0.04187557878494007;0.04184379043881899;0.04184377995974281;0.04184379043881907;0.04184377995974758;0.038301204876905526;0.04183247848658725;0.0416545738550945;0.041843789909697636;0.04184379010158332;0.04184378990978551;0.04184378990978475;0.04027607934346822;0.04183870206625605;0.0006509484148651268;0.04184676758904905;0.119561252606627;0.04184378990978541;0.0418437899097856;0.04145288839676159;0.0418417664607855;-139670.07524062693;-2241180.0361163835;-11.122688421945572;0.0418429588037158;7000.667273749323;0.04184378990978549;0.04184378990978546;8192
-0.19999999999999996;0.0603346720854506;0.05965677736167905;0.05949231646032349;0.05965677736167908;0.05949231646032351;-0.0076279022636706745;0.05857807495323106;0.06068766742069651;0.06033467208545063;0.06035277552600376;0.06033467208545067;0.06035277552600382;0.06033467208545057;0.06033467208545065;0.06033467208545053;0.06033467208545053;0.06033465968219224;0.060334672085450604;0.06033465968219793;0.0603346720854506;0.0603346720854506;0.060334672085450604;0.060334672085424756;0.06033467225062005;0.06033467208545061;0.06033467208544996;0.06033467208545057;0.06033467208545062;0.06033467208545207;0.060334732055591145;0.11864811169724182;0.06033467208545052;0.060334672085450736;0.0603346720854506;0.0603346720854506;0.06033475697040558;-54466.13759402546;-0.6690432319713057;0.06033397156508299;2741.177159539496;0.0603346720854506;0.06033467208545061;98304
-0.18000000000000005;0.07804582458204049;0.07728029420567865;0.07712370646201495;0.0772802942056787;0.07712370646201495;0.0028927263881779047;0.07617446742013598;0.07846385194392283;0.07804974003583201;0.07806983703224987;0.07804974003583207;0.07806983703224994;0.07078475096165918;0.07807761386070014;0.07800784267096814;0.07804582408425194;0.07804581032982293;0.07804582408425197;0.07804581032982914;0.07457220842777271;0.07805727259769155;0.07830565984586796;0.07804582458205753;0.07804582469314382;0.07804582458204047;0.07804582458204004;0.07649478128001944;0.07805094539516239;0.15267300876519752;0.07804414314137961;0.06364116508185097;0.07804582458204044;0.07804582458204055;0.07765700464837791;0.07804785214723475;521256.05130398273;-776.3599419714461;0.039134155728796624;0.07804554334568092;1014.7083250115923;0.07804582458204049;0.07804582458204049;98304
-0.16000000000000003;0.09497933721130529;0.09413162545386534;0.09398208991514001;0.09413162545386539;0.09398208991514002;0.01341335504002654;0.09302604264335085;0.09546359516453914;0.09498703607514633;0.09500898883819311;0.0949870360751464;0.09500898883819318;0.08123482983786783;0.09505288585710338;0.09489844263454557;0.09497933628761078;0.09497932180623976;0.09497933628761084;0.09497932180624624;0.08880974477009493;0.0950054144055062;0.09554035668294521;0.0949793372113426;0.09497933725205088;0.0949793372113053;0.0949793372113052;0.09265489047458836;0.0949891366473028;0.24647338379306172;0.09497934110252274;0.027718705901758123;0.09497933721130525;0.09497933721130544;0.0949793372113053;0.09497933721130528;0.0949791967868805;1.9062921223675144;0.09257267562635176;0.09497925328857476;343.128925646426;0.0949793372113053;0.09497933721130528;-393216
-0.14;0.11113731800446006;0.11021345927389099;0.11007011405631192;0.11021345927389099;0.11007011405631192;0.023933983691875174;0.10913280062287559;0.11168828963730909;0.11114859568050908;0.11117225558483944;0.11114859568050917;0.11117225558483951;0.09168490871407646;0.11126048807466016;0.11101017950599193;0.11113731675952562;0.11113730220082733;0.11113731675952568;0.11113730220083373;0.10304728111241714;0.11117909750889442;0.11200375074142686;0.11113731800449661;0.11113731797167412;0.11113731800446004;0.11113731800446032;0.10881499966915727;0.11114924584187169;0.3021846450783383;0.1111384176238296;0.05835029536004728;0.11113731800446003;0.11113731800446017;0.11075061610496534;0.11113529544074215;-1945353.6648114324;0.5031911951389468;0.11320284194644202;0.11113729601450453;97.37955625128144;0.11113731800446006;0.11113731800446003;-1572864
-0.12;0.1265218949986254;0.1255284838334075;0.12539042612214404;0.12552848383340756;0.12539042612214404;0.034454612343723795;0.12449474135871014;0.12713932791699636;0.1265364781629247;0.126561686162061;0.1265364781629248;0.1265616861620611;0.10213498759028511;0.12670042051337058;0.1263467608151164;0.126521893560163;0.12652187957293662;0.12652189356016308;0.12652187957294264;0.11728481745473934;0.12657832190785626;0.12766083016605762;0.12652189499864647;0.12652189490190263;0.1265218949986254;0.126521894998626;0.12497510886372618;0.12653127297886912;0.2802556405303187;0.12652189508592104;0.1362493765385371;0.1265218949986254;0.12652189499862548;0.12652189499862537;0.1265218949986254;0.12652239203453064;0.13554554495544394;0.1253006118757483;0.1265218880280446;16.633675423856694;0.1265218949986254;0.1265218949986254;6815744
-0.09999999999999998;0.1411352180582951;0.14007938730006694;0.1399456733492497;0.14007938730006697;0.1399456733492497;0.04497524099557244;0.13911186485085458;0.14181810255836466;0.1411527693093477;0.14117935638328766;0.1411527693093478;0.14117935638328774;0.11258506646649376;0.14137268317323456;0.14091189409172816;0.1411352165661429;0.1411352037726384;0.14113521656614292;0.14113520377264382;0.13152235379706156;0.14120308760239167;0.14247658310158207;0.1411352180582946;0.14113521791756717;0.14113521805829513;0.141135218058296;0.1411352180582951;0.1411352180582951;0.1411352180582961;0.14113444780000914;0.19954395203634973;0.14113521805829513;0.14113521805829524;0.1407506778669182;0.141137246543825;7260159.2716726065;0.14126219392028846;0.13880588359077584;0.1411352148112133;-4.493081915840488;0.1411352180582951;0.14113521805829513;22020096
-0.07999999999999996;0.154979460735211;0.1538688578415213;0.15373850297424224;0.1538688578415213;0.15373850297424224;0.05549586964742107;0.15298417109930887;0.15572600611617762;0.1549995840247436;0.15502737166019837;0.1549995840247437;0.15502737166019845;0.1230351453427024;0.1552772760542521;0.15470928686563637;0.15497945932996454;0.15497944830142305;0.1549794593299646;0.1549794483014275;0.14575989013938376;0.15505339459250067;0.15641599769274486;0.15497946073519173;0.15497946057677814;0.15497946073521104;0.15497946073521204;0.1534501815483706;0.15497013399682238;-0.12353306625367022;0.1549794607363548;0.2043515801315879;0.15497946073521096;0.15497946073521116;0.154979460735211;0.154979460735211;0.15498024225234985;0.15498017011857598;0.15903873904243337;0.15497945915477396;-6.876559131892012;0.154979460735211;0.15497946073521096;-4194304
-0.06000000000000005;0.16805682217014267;0.16689958362542234;0.16677156223373502;0.16689958362542237;0.16677156223373502;0.06601649829926964;0.16611166010407294;0.16886443114519895;0.16807906897415031;0.1681078696774127;0.16807906897415043;0.16810786967741279;0.13348522421891099;0.16841419915642314;0.1677426466666502;0.16805682098206595;0.16805681221629062;0.16805682098206598;0.1680568122162941;0.1599974264817059;0.1681292428781832;0.1694440620842906;0.1680568221701136;0.1680568220219114;0.1680568221701427;0.16805682217014364;0.16576514503844603;0.16804507371112368;-0.3973268236224744;0.16805740914226602;0.1633660966506194;0.1680568221701427;0.16805682217014287;0.16767449488770472;0.16805480056869734;-27095282.578142226;0.16805682522899865;0.1670476422426125;0.16805682158363128;-5.046665071857912;0.16805682217014267;0.16805682217014267;-29360128
-0.040000000000000036;0.18036952904019848;0.17917425281942229;0.17904749836434136;0.1791742528194223;0.17904749836434136;0.07653712695111828;0.17849433186514693;0.18123477020019246;0.18039340522473932;0.1804230230671827;0.18039340522473943;0.18042302306718278;0.14393530309511962;0.18078345247974784;0.18001568102457893;0.1803695281791046;0.18036952208075782;0.18036952817910462;0.18036952208076018;0.1742349628240281;0.18043063245943936;0.1815257644209641;0.18036952904017092;0.18036952892693958;0.1803695290401985;0.1803695290401993;0.17808010852852152;0.1803600372011992;-0.5326289570902518;0.1803695290401986;0.12964563070570503;0.1803695290401985;0.18036952904019862;0.18036952904019848;0.18036952904019846;0.18036936223506927;0.1803695290552133;0.17640737424671954;0.18036952888987964;-3.2773967960255987;0.18036952904019848;0.18036952904019846;-4194304
-0.020000000000000018;0.1919198375554329;0.190695553591173;0.19056895860267467;0.19069555359117302;0.19056895860267467;0.08705775560296691;0.1901321863825308;0.19283841583592173;0.19194481088787643;0.19197504208408372;0.19194481088787654;0.1919750420840838;0.15438538197132828;0.19238503602422613;0.19153209746923172;0.1919198371021585;0.19191983396640142;0.19191983710215854;0.19191983396640253;0.18847249916635028;0.19195756333626915;0.1926260928475099;0.19191983755541664;0.19191983749481673;0.19191983755543296;0.1919198375554334;0.190395072018597;0.19191502446704878;-0.3818223696991321;0.19191935081220327;0.14503129506434595;0.19191983755543293;0.19191983755543307;0.1915397822744355;0.1919218670525712;101120972.04617855;0.19191983755545083;0.19684811546505823;0.19191983747740798;-2.348328661092777;0.1919198375554329;0.1919198375554329;4194304
0;0.2027100355086725;0.20146617410832646;0.2013385901853483;0.20146617410832648;0.2013385901853483;0.09757838425481555;0.2010252236562245;0.2036767606071505;0.20273554376118336;0.20276617727970658;0.20273554376118347;0.20276617727970667;0.16483546084753692;0.20321894978985797;0.20229560353041767;0.2027100355086725;0.20271003550867248;0.20271003550867253;0.20271003550867242;0.2027100355086725;0.2027100355086725;0.20271003550867261;0.2027100355086725;0.2027100355086725;0.20271003550867253;0.20271003550867261;0.2027100355086725;0.2027100355086725;0.20271003550875288;0.2027100355086725;0.20271003550867234;0.20271003550867253;0.20271003550867267;0.2027100355086725;0.2027100355086725;0.20270672729764477;0.2027100355086725;0.2027100355086725;0.20271003538095989;-2.0727833271284;0.2027100355086725;0.2027100355086725;-587202559.8080802
0.020000000000000018;0.21274244438264542;0.21148880253853466;0.21135904034897554;0.2114888025385347;0.21135904034897554;0.10809901290666418;0.21117344368622806;0.21375119706864246;0.2127679039705986;0.2127987221773487;0.21276790397059872;0.21279872217734877;0.17528553972374555;0.2132851937766434;0.21230990673794603;0.21274244484211544;0.21274244802084705;0.21274244484211546;0.21274244802084588;0.20937265691876758;0.21270501618785315;0.2117719711619384;0.2127424443826607;0.2127424444406546;0.21274244438264545;0.21274244438264517;0.21123641265114526;0.21274732928077567;1.2521652290823615;0.21274288362846425;0.25675146664041865;0.21274244438264547;0.2127424443826456;0.21236472851367832;0.2127404238501582;-377388604.45810413;0.2127424443826454;0.20706951358603184;0.2127424442092401;-1.7881383773797617;0.21274244438264542;0.21274244438264542;-5200936960
0.040000000000000036;0.22201942151868415;0.22076612704944953;0.22063295633016977;0.22076612704944956;0.22063295633016977;0.11861964155851282;0.22057684647254147;0.2230631177751613;0.22204423661243886;0.22207501594670584;0.22204423661243897;0.22207501594670592;0.18573561859995422;0.22258376798458243;0.22157871462162593;0.22201942240348008;0.2220194286701315;0.2220194224034801;0.22201942867012925;0.21603527832886266;0.2219594725850148;0.21992384101575999;0.22201942151870843;0.22201942162240557;0.22201942151868417;0.22201942151868356;0.21976278979361802;0.22202916473806364;2.332059675935575;0.22201942151868415;0.2666988273008731;0.22201942151868417;0.22201942151868434;0.22201942151868415;0.22201942151868415;0.22198748588562012;0.22201942151868437;0.2272910088132995;0.2220194211942463;0.019696204761672855;0.22201942151868415;0.22201942151868415;68719476736
0.06000000000000005;0.2305433623514653;0.22930083580872307;0.22916298536554425;0.2293008358087231;0.22916298536554425;0.12914027021036145;0.22923543201516475;0.23161391528147074;0.23056693439545972;0.23059744607856336;0.23056693439545983;0.23059744607856345;0.19618569747616285;0.231114672413675;0.23010573471126658;0.23054336358893587;0.23054337272011263;0.2305433635889359;0.2305433727201095;0.22269789973895776;0.2304734047001574;0.22730697689133125;0.23054336235148934;0.23054336248135726;0.23054336235146536;0.23054336235146458;0.2282891669360908;0.2305555418805364;2.8914897145732046;0.23054293106518853;0.2344198953896272;0.23054336235146536;0.23054336235146547;0.2301680621165746;0.2305453929836524;1408433447.059536;0.23054336235148024;0.23210965743349946;0.2305433612291089;6.203097061518481;0.2305433623514653;0.2305433623514653;-60129542144
0.08000000000000007;0.238316702714465;0.23709561698400722;0.23695177469171247;0.23709561698400727;0.23695177469171247;0.1396608988622101;0.23714920031409786;0.23940498214233444;0.23833844028291729;0.238368451059488;0.2383384402829174;0.23836845105948806;0.2066357763523715;0.23887790706392115;0.23789467453667718;0.23831670419815262;0.23831671584394368;0.23831670419815262;0.2383167158439399;0.22936052114905284;0.238246812533281;0.23406271060984635;0.23831670271447983;0.23831670284728762;0.23831670271446506;0.2383167027144642;0.23681554407856356;0.23832646070819397;2.3795516835001393;0.23831670271446567;0.20004959222510088;0.23831670271446503;0.2383167027144652;0.238316702714465;0.23831670271446503;0.23778533935546875;0.2383167027143705;0.23084243222329132;0.23831669866190416;20.95558616366052;0.238316702714465;0.238316702714465;-962072674304
0.10000000000000009;0.24534192122103632;0.24415315874295407;0.24400197154528766;0.24415315874295407;0.24400197154528766;0.15018152751405872;0.24431815136934082;0.24643771091251612;0.24536125013462917;0.24539052304651926;0.24536125013462928;0.24539052304651934;0.21708585522858015;0.2458734719353209;0.24494924162766687;0.24534192281803696;0.2453419365128763;0.24534192281803696;0.245341936512872;0.2360231425591479;0.2452796960843856;0.24033237399249924;0.24534192122103615;0.24534192133388777;0.24534192122103637;0.24534192122103554;0.24534192122103632;0.24534192122103632;0.24534192122127152;0.24534238192911148;0.20290590525102367;0.2453419212210364;0.24534192122103649;0.2449691222203652;0.24533990189928254;-5256345182.400635;0.24534192121737217;0.25058799647141194;0.2453419084219271;48.48363556935333;0.24534192122103632;0.2453419212210363;1099511627776
0.1200000000000001;0.25162154172626544;0.2504761492532154;0.25031622316288327;0.2504761492532154;0.25031622316288327;0.16070215616590736;0.2507422851808937;0.25271349414677946;0.2516379153490354;0.25166621054186084;0.2516379153490355;0.25166621054186095;0.22753593410478878;0.25210136702787417;0.2512731435140449;0.25162154328687925;0.25162155846499984;0.25162154328687925;0.2516215584649952;0.24268576396924302;0.25157205535347116;0.24625729886048403;0.2516215417262501;0.2516215418004392;0.25162154172626555;0.2516215417262651;0.25014078689875374;0.25161187944092755;-3.6275572556771607;0.25162154172628304;0.24500119783264396;0.2516215417262656;0.2516215417262657;0.25162154172626544;0.25162154172626544;0.2530517578125;0.25162154169781376;0.2551900516803065;0.25162150555271995;88.39471073035325;0.25162154172626544;0.2516215417262655;-74766790688768
0.1399999999999999;0.25715813587503056;0.2560672766824432;0.25589717678111246;0.2560672766824433;0.25589717678111246;0.17122278481775588;0.2564216017487563;0.2582337243998881;0.25717104550526004;0.2571981210675724;0.25717104550526015;0.2571981210675725;0.2379860129809973;0.25756159234158105;0.2568700877256202;0.25715813724418357;0.25715815325932656;0.25715813724418357;0.2571581532593219;0.249348385379338;0.2571238903405377;0.25197881703499475;0.25715813587500524;0.2571581358990678;0.25715813587503056;0.2571581358750306;0.25493965257647105;0.25714629138973183;-7.617619618281822;0.2571576004215089;0.29078414157035926;0.2571581358750306;0.2571581358750308;0.2567879337341211;0.257160167804226;19616947284.012207;0.2571581354990153;0.24770678771335453;0.25715804089950406;123.19794239544507;0.25715813587503056;0.25715813587503067;598134325510144
0.15999999999999992;0.2619543257419768;0.26092922919828965;0.2607474796365888;0.2609292291982897;0.2607474796365888;0.1817434134696045;0.2613561010729288;0.26299979422660585;0.26196331100517173;0.2619889238402607;0.26196331100517184;0.2619889238402608;0.24843609185720594;0.2622541478764416;0.26174378179220237;0.2619543267717621;0.26195434292066827;0.2619543267717621;0.2619543429206638;0.2560110067894331;0.2619352010455852;0.25763826033722553;0.26195432574195054;0.26195432571342997;0.2619543257419769;0.2619543257419772;0.2597385182541885;0.26194515706744925;-9.668832959598575;0.2619543257422052;0.30201804655833786;0.26195432574197697;0.26195432574197713;0.2619543257419768;0.2619543257419768;0.251953125;0.2619543225433863;0.2670373320868346;0.26195408791095615;88.13000955348954;0.2619543257419768;0.2619543257419768;-985162418487296
0.17999999999999994;0.26601278656943167;0.2650646949684066;0.2648697789659255;0.2650646949684066;0.2648697789659255;0.19226404212145315;0.2655457831534112;0.26701309618169633;0.2660174457154455;0.26604135244577154;0.2660174457154456;0.2660413524457717;0.2588861707334146;0.2661790336324556;0.26589793324360034;0.2660127871320071;0.26601280268108646;0.26601278713200704;0.26601280268108235;0.26267362819952816;0.26600598746861376;0.26337696058837035;0.2660127865694143;0.2660127864950719;0.2660127865694318;0.26601278656943234;0.26453738393190585;0.2660084764740797;-7.725185072633025;0.26601346389493613;0.2740264963151824;0.26601278656943167;0.2660127865694319;0.26564528767580003;0.2660107686427113;-73211443952.1289;0.2660127863626506;0.2719661535741373;0.26601221392236934;-195.47281820900508;0.26601278656943167;0.26601278656943167;2251799813685248
0.19999999999999996;0.26933624960962327;0.268476362160446;0.26826672200573604;0.26847636216044607;0.26826672200573604;0.20278467077330176;0.2689906479902035;0.2702750228199233;0.26933624960962327;0.26935820751388095;0.2693362496096234;0.269358207513881;0.2693362496096232;0.2693362496096232;0.2693362496096233;0.2693362496096233;0.26933626382407505;0.2693362496096233;0.26933626382407155;0.26933624960962327;0.26933624960962327;0.2693362496096233;0.2693362496096224;0.2693362495040724;0.2693362496096233;0.26933624960962427;0.26933624960962327;0.26933624960962327;0.2693362496092959;0.2693362496114177;0.2390772677701675;0.26933624960962355;0.2693362496096236;0.26933624960962327;0.26933624960962327;0.3125;0.26933659103944146;0.25738232513590303;0.2693349556760276;-1156.079957900994;0.26933624960962327;0.26933624960962327;-18014398509481984
0.21999999999999997;0.2719275050779242;0.27116691894205985;0.2709409559926335;0.2711669189420599;0.2709409559926335;0.21330529942515042;0.2716906955833056;0.27278696669605035;0.2719225914101754;0.27194235939298667;0.27192259141017555;0.2719423593929867;0.26518456162133164;0.2717633772435659;0.27206154038069746;0.27192750446349595;0.27192751663803366;0.27192750446349595;0.27192751663803094;0.2686819465224771;0.2719348193009087;0.2755480979180759;0.2719275050779414;0.2719275049609595;0.27192750507792424;0.2719275050779253;0.27047469865378354;0.27193193941845534;14.74921966900365;0.27192657199731507;0.23437126477617654;0.2719275050779244;0.2719275050779243;0.271562827416929;0.2719295385132765;273228828526.125;0.27193638323066927;0.27718172905145666;0.2719250227750384;-3729.1654078936745;0.2719275050779242;0.2719275050779242;-36028797018963970
0.24;0.27378940522423467;0.2731390534809001;0.2728951281632316;0.2731390534809001;0.2728951281632316;0.22382592807699905;0.2736459259327175;0.2745503203648413;0.2737794112305619;0.2737967508248001;0.2737794112305621;0.2737967508248002;0.26103287363303995;0.2734979979699049;0.2740730228897173;0.2737894039958049;0.27378941348603775;0.27378940399580487;0.2737894134860357;0.268027643435331;0.2738105283747648;0.2816070308144088;0.2737894052242644;0.273789405117223;0.27378940522423456;0.2737894052242356;0.27161314769794376;0.27379900884495156;29.662859666947043;0.27378940523194795;0.26590060386396774;0.2737894052242351;0.27378940522423495;0.27378940522423467;0.27378940522423467;-0.4375;0.2738642173403126;0.2825761818232106;0.27378701416367074;-9808.057570764346;0.27378940522423467;0.2737894052242346;0
0.26;0.274924867530039;0.27439545394461873;0.2741318857541433;0.2743954539446188;0.2741318857541433;0.23434655672884766;0.27485633903843937;0.2755664763810598;0.27490972321729334;0.2749243996190373;0.27490972321729346;0.2749243996190375;0.2568811856447483;0.2745401117886403;0.2753690164301942;0.2749248657459582;0.2749248719993871;0.2749248657459581;0.2749248719993859;0.26737334034818483;0.27496337683119176;0.2869982122952005;0.2749248675300699;0.27492486745211203;0.27492486753003903;0.2749248675300398;0.27275159674210403;0.27493745788911184;37.337127179718664;0.27492626875204446;0.30323499391968545;0.2749248675300392;0.2749248675300391;0.2745631416316786;0.274922851235262;-1019703870151.75;0.2753960405439236;0.2590273133745749;0.27493659776667234;-22967.372729403076;0.274924867530039;0.274924867530039;2305843009213694000
0.28;0.27533687803912255;0.2749388085008677;0.2746538760019823;0.27493880850086777;0.2746538760019823;0.2448671853806963;0.275321934900471;0.27583682729946946;0.2753166181919919;0.2753284013281108;0.27531661819199205;0.2753284013281109;0.2527294976564567;0.2748897186997721;0.27594784029563946;0.2753368758174225;0.2753368784029374;0.27533687581742244;0.2753368784029372;0.2667190372610387;0.2753933646701895;0.291206806357029;0.2753368780391401;0.27533687800375617;0.27533687803912266;0.27533687803912305;0.2738900457862643;0.2753472865509362;30.09889314359407;0.27533687805691925;0.3101990303004694;0.2753368780391228;0.27533687803912255;0.27533687803912255;0.27533687803912255;3.75;0.2737132521018561;0.28217043262436187;0.2754415856475013;-49490.52858597803;0.27533687803912255;0.27533687803912255;-9223372036854776000
0.30000000000000004;0.2750284948304246;0.274771805317299;0.27446374614336166;0.27477180531729906;0.2744637461433617;0.25538781403254496;0.2750427135188125;0.27536276567483414;0.2750032662934529;0.275011931921821;0.27500326629345306;0.2750119319218211;0.24857780966816503;0.27454681870330033;0.2758078137795646;0.275028492346065;0.27502849098077575;0.27502849234606486;0.2750284909807765;0.26606473417389254;0.2751004918917579;0.29371797699647284;0.2750284948304162;0.2750284948430212;0.27502849483042474;0.2750284948304246;0.2750284948304246;0.27502849483042463;0.275028494855178;0.27502619818633;0.2810945063556252;0.2750284948304247;0.2750284948304245;0.27466986484057476;0.27503053003998723;3805586652090;0.18029151850944414;0.28731271358845795;0.27558727772024205;-99537.59029633799;0.2750284948304246;0.27502849483042463;-18446744073709552000
0.32000000000000006;0.274002851642027;0.2738971325615646;0.2735641434148949;0.27389713256156467;0.27356414341489493;0.26590844268439356;0.2740186748934639;0.27414568406191736;0.2739729196197056;0.2739782504620477;0.2739729196197057;0.2739782504620478;0.24442612167987338;0.2735114117992249;0.2749472561754811;0.2740028491192034;0.2740028436914061;0.2740028491192032;0.2740028436914076;0.2654104310867464;0.2740847584958971;0.2940168882101101;0.2740028516419871;0.2740028516989504;0.27400285164202715;0.2740028516420265;0.272581439611972;0.2739926022573904;-53.755987315154925;0.2740028520008173;0.2461913546099004;0.27400285164202726;0.274002851642027;0.274002851642027;0.274002851642027;8;-1.242342799328991;0.2503223328618067;0.27649393653728427;-187747.57321202854;0.274002851642027;0.2740028516420269;0
0.3400000000000001;0.2722631616558491;0.2723174784013164;0.27195771505319527;0.27231747840131654;0.2719577150531953;0.2686158569724004;0.27225444435230794;0.2721870166930063;0.27222891487007456;0.27223070177744174;0.27222891487007467;0.27223070177744174;0.24027443369158175;0.2717834979875458;0.27336448677690023;0.27226315935518003;0.27226314994225487;0.27226315935517975;0.2722631499422571;0.26475612799960024;0.2723461644826071;0.29158870399451897;0.272263161655783;0.2722631617451119;0.27226316165584913;0.2722631616558482;0.27013438439351944;0.27225112836164705;-109.40924077460659;0.2722672792339725;0.2405304074308797;0.2722631616558491;0.2722631616558491;0.2719077865476267;0.2722611472961405;-14202642738192;-14.354457318038452;0.28542203019566575;0.28229198122372035;-331284.9741985985;0.2722631616558491;0.2722631616558491;-1180591620717411300000
0.3600000000000001;0.2698127214532263;0.2700355310042066;0.2696471082948762;0.27003553100420663;0.2696471082948762;0.25569684253272396;0.2698101511578197;0.269490698451783;0.2697746759872406;0.26977271913811607;0.2697746759872407;0.26977271913811623;0.2361227457032901;0.26936307726826325;0.27105782487733343;0.2698127196539333;0.2698127065340004;0.269812719653933;0.26981270653400324;0.2641018249124541;0.26988470985188795;0.2859185883462779;0.2698127214531507;0.26981272155674846;0.2698127214532264;0.2698127214532254;0.2676873291750669;0.26980407314319454;-138.04820985667902;0.2698127284571325;0.26750842447701534;0.26981272145322654;0.26981272145322616;0.2698127214532263;0.2698127214532263;32;-189.54855619883634;0.28750592703987604;0.307426086759378;-540561.800474725;0.2698127214532263;0.2698127214532263;2361183241434822600000
0.3799999999999999;0.2666549151522136;0.2670539785378869;0.26663497037655104;0.26705397853788704;0.26663497037655104;0.24277782809304774;0.2667042966215301;0.2660645402315925;0.2666137167993023;0.26660782693033813;0.26661371679930246;0.26660782693033835;0.23197105771499849;0.26625014964137705;0.26802558977029234;0.26665491412975517;0.2666548977859696;0.2666549141297549;0.2666548977859727;0.26344752182530795;0.26670039460373945;0.27649170526196487;0.26665491515215406;0.2666549152492813;0.26665491515221373;0.2666549151522126;0.26524027395661437;0.26665143660203283;-111.03637253449051;0.2666468586598388;0.29520307632845033;0.26665491515221384;0.26665491515221307;0.26630297009569404;0.2666569524787462;53004984300800;-2710.518762510229;0.23136672928955793;0.400201845287206;-792184.7510410476;0.2666549151522136;0.2666549151522136;23611832414348226000000
0.3999999999999999;0.2627932187381618;0.2633755091700094;0.2629239485348331;0.2633755091700095;0.26292394853483303;0.2298588136533713;0.2629368807434391;0.26191668634596565;0.26274964366183673;0.26273964333122046;0.2627496436618368;0.2627396433312206;0.22781936972670686;0.26244471510688716;0.2642661007492881;0.26279321873816236;0.2627931998546282;0.26279321873816197;0.26279319985463157;0.2627932187381618;0.26279321873816175;0.2627932187381583;0.2627932187381462;0.2627932188094747;0.2627932187381618;0.26279321873816114;0.2627932187381618;0.26279321873816175;0.2627932187897386;0.2627933001980543;0.2903409509318856;0.2627932187381618;0.26279321873816114;0.26279321873816175;0.26279321873816186;-192;-36016.38432933405;0.3770744704804387;0.7160189035396586;-962400.7945432873;0.26279321873816186;0.2627932187381618;18889465931478580000000
0.41999999999999993;0.2582312045998895;0.25900281106822604;0.2585166900063356;0.2590028110682261;0.25851669000633565;0.21693979921369494;0.2585079035235468;0.25705528110843356;0.2581861580999605;0.2581718829834124;0.2581861580999607;0.2581718829834126;0.2236676817384152;0.2579467736647938;0.2597776771078322;0.25823120580961423;0.2582311852580376;0.2582312058096138;0.25823118525804106;0.2551441458487247;0.258186565892355;0.24471698901770678;0.25823120459993965;0.2582312046314437;0.2582312045998896;0.2582312045998892;0.2568455881138451;0.258234885793118;201.90089931542752;0.25824889366228887;0.25456833388470557;0.25823120459988963;0.25823120459988846;0.2578828825113785;0.25822919256295185;-197817294465536;-489275.5319452753;0.9190763651081917;1.7377504881055328;-677034.1464064467;0.2582312045998895;0.2582312045998896;75557863725914320000000
0.43999999999999995;0.2529725462845951;0.2539385724001888;0.253415842027672;0.25393857240018897;0.25341584202767203;0.20402078477401853;0.25341736496185313;0.25148846883252735;0.2529270594503918;0.25290835966979225;0.2529270594503919;0.2529083596697924;0.21951599375012354;0.2527563253150967;0.2545586381394362;0.25297254880365444;0.2529725276200315;0.2529725488036538;0.2529725276200346;0.24749507295928752;0.25290381970351916;0.22379166132852868;0.2529725462847213;0.2529725462706289;0.2529725462845952;0.2529725462845954;0.2508979574895284;0.25298190400843773;409.58991720934864;0.2529733519250445;0.22318271410135312;0.25297254628459553;0.25297254628459354;0.2529725462845951;0.2529725462845951;-1792;-5906554.5884388;4.688176117154877;4.918030104138842;1010949.5528374208;0.2529725462845951;0.2529725462845951;1208925819614629200000000
0.45999999999999996;0.2470210234855552;0.24818548133354973;0.24762405183545577;0.24818548133354984;0.2476240518354558;0.1911017703343421;0.24766526505835812;0.24522439383177794;0.24697624750351035;0.24695298898815812;0.2469762475035105;0.24695298898815823;0.2153643057618319;0.246873370057796;0.2486073031376114;0.2470210272979439;0.24702100664881543;0.24702102729794312;0.24702100664881807;0.23984600006985038;0.24694498017165453;0.20195457714481568;0.24702102348575564;0.2470210234299151;0.24702102348555532;0.24702102348555588;0.24495032686521173;0.2470342733841211;516.4569082394592;0.24698205009710736;0.22585916815527016;0.24702102348555563;0.24702102348555297;0.24667653678110843;0.24702306336788674;738264193556480;-75510228.73704767;35.43430503543099;14.489962472233485;6298561.808085865;0.24702102348555524;0.2470210234855552;-15716035654990180000000000
0.48;0.24038052727762171;0.24174622603596066;0.24114396666629997;0.24174622603596074;0.24114396666630003;0.1781827558946657;0.2412516038130617;0.23827120041971625;0.24033772514541937;0.24030979102591943;0.24033772514541948;0.24030979102591954;0.21121261777354025;0.24029790789289177;0.24192199139586906;0.24038053222760192;0.2403805133656904;0.24038053222760095;0.2403805133656924;0.23219692718041324;0.2403100472967608;0.1811430779407548;0.240380527277892;0.2403805271931699;0.24038052727762182;0.24038052727762269;0.23900269624089507;0.24039199392016797;415.62893374531996;0.24038792529393677;0.2522104613816033;0.24038052727762205;0.24038052727761816;0.24038052727762174;0.2403805272776217;-3072;-776092957.411179;212.6368433923353;42.3862514009607;20048693.496466663;0.24038052727762174;0.2403805272776217;-19342813113834067000000000
0.5;0.2330550656165784;0.23462349467507365;0.2339782337568183;0.2346234946750738;0.23397823375681834;0.1652637414549893;0.23417638122596396;0.2306370329098734;0.2330156010000065;0.23298289303478886;0.23301560100000665;0.23298289303478903;0.2070609297852486;0.23302993882038386;0.23450102220772093;0.2330550713912705;0.23305505560065282;0.2330550713912693;0.23305505560065398;0.2245478542909761;0.23299902107883816;0.16329450519053967;0.23305506561693454;0.2330550655226314;0.23305506561657854;0.23305506561657946;0.23305506561657838;0.23305506561657843;0.23305506602628157;0.2331863821610608;0.2628586374695175;0.23305506561657802;0.23305506561657324;0.23271464819858567;0.23305305639958213;-2755239479767040;-7234858601.451886;1321.5475444676172;121.02382677292339;52775815.368256725;0.2330550656165784;0.23305506561657835;-19342813113834067000000000
0.52;0.22504876911954963;0.22681997541854065;0.22612950034362375;0.2268199754185407;0.2261295003436238;0.15234472701531288;0.22643959729706484;0.22233003561578024;0.22501409207100487;0.22497653210547358;0.22501409207100498;0.22497653210547375;0.20290924179695696;0.22506946284027232;0.22634271486667817;0.22504877524136496;0.22504876377273902;0.22504877524136346;0.22504876377273944;0.21689878140153895;0.22501190151788653;0.15034620036835822;0.22504876912006386;0.2250487690377503;0.22504876911954977;0.2250487691195506;0.22370455046202078;0.22503756040694067;-752.315634005703;0.2251172968166706;0.23604862995346212;0.22504876911954996;0.22504876911954158;0.22504876911954963;0.2250487691195497;20480;-64360148993.481415;7162.230422417403;334.67767170000025;127031211.55290352;0.22504876911954963;0.2250487691195496;-154742504910672530000000000
0.54;0.21636589714488347;0.21833835643401367;0.21760041366333005;0.21833835643401375;0.21760041366333008;0.13942571257563646;0.2180412520263644;0.21335835285096785;0.21633752638405415;0.21629505784236688;0.2163375263840543;0.21629505784236705;0.19875755380866533;0.2164164799525573;0.2174453886662524;0.21636590297708477;0.21636589697415745;0.216365902977083;0.21636589697415684;0.2092497085121018;0.21634868861390594;0.14423550494840054;0.21636589714572949;0.2163658970942915;0.21636589714488366;0.21636589714488408;0.21435403530746316;0.21635355022484307;-1527.4499098609667;0.21625929709923852;0.19534530412599738;0.2163658971448859;0.21636589714487117;0.2160298066554039;0.21636794014696237;10282693725585408;-543219468376.90283;39291.823871359964;890.3683567179984;291235566.5949389;0.21636589714488344;0.21636589714488347;-928455029464035200000000000
0.56;0.2070108441912581;0.20918132588914462;0.20839362095255012;0.20918132588914476;0.20839362095255015;0.12650669813596005;0.20898134541386254;0.2037301289289673;0.20699034562876212;0.20694293503823943;0.2069903456287622;0.20694293503823963;0.19460586582037365;0.20707099015723862;0.20780736289995477;0.20701084895991956;0.20701084937847902;0.2070108489599175;0.20701084937847747;0.20160063562266467;0.20700938236689642;0.14689976040485675;0.20701084419275834;0.20701084418370902;0.2070108441912582;0.20701084419125818;0.20500352015290557;0.20700303507028545;-1926.314516438404;0.20766786844505702;0.1817321932982754;0.20701084419125845;0.2070108441912388;0.2070108441912581;0.20701084419125804;163840;-4326608032454.5;184665.42950457393;2256.986701914178;649849263.0076253;0.2070108441912581;0.2070108441912581;-1237940039285380300000000000
0.5800000000000001;0.19698814663720304;0.1993515719515854;0.19851176944789767;0.19935157195158554;0.1985117694478977;0.11358768369628364;0.1992598774595593;0.19345350816330953;0.19697710780076527;0.19692474634893117;0.1969771078007653;0.19692474634893134;0.19045417783208202;0.19703299345431624;0.1974269568612969;0.19698814947260865;0.1969881569944639;0.19698814947260626;0.1969881569944614;0.19395156273322753;0.1969939827768578;0.16027630821191519;0.19698814663986863;0.19698814667406042;0.19698814663720313;0.19698814663720257;0.19565300499834798;0.19698601494326784;-1550.0541976769455;0.20006481304869794;0.20085279522042754;0.19698814663719671;0.19698814663717312;0.1966566670175242;0.19698614088075977;-38375535422603260;-28584110311081.5;927353.4724579506;5360.029506464647;1429093964.9621844;0.19698814663720304;0.1969881466372031;-4951760157141521000000000000
0.6000000000000001;0.1863024898437904;0.1888517827889882;0.18795750638598574;0.18885178278898834;0.18795750638598582;0.10066866925660728;0.1888768481634548;0.18253663486752558;0.18630248984379025;0.1862451949680425;0.18630248984379044;0.18624519496804268;0.1863024898437904;0.1863024898437904;0.18630248984379022;0.18630248984379333;0.1863025047884523;0.18630248984379058;0.18630250478844906;0.1863024898437904;0.1863024898437904;0.1863024898437704;0.18630248984834374;0.18630248991504147;0.18630248984379041;0.18630248984378944;0.18630248984379033;0.18630248984379044;0.18630248890258372;0.1925720857466331;0.21334465819955994;0.18630248984379058;0.1863024898437435;0.1863024898437904;0.1863024898437904;0;-185339016483376;3573812.074001343;11518.578187953233;3118849947.072821;0.1863024898437904;0.1863024898437904;39614081257132170000000000000
0.6200000000000001;0.17495871564494508;0.1776846465690049;0.176733479003428;0.17768464656900498;0.17673347900342803;0.08774965481693087;0.17783225752554888;0.17098765335514635;0.1749712902917154;0.17490910730162595;0.1749712902917155;0.17490910730162615;0.16910178437475487;0.17491953535922733;0.17443694568151125;0.174958711961943;0.17495873419968652;0.17495871196193968;0.17495873419968236;0.17208592169358056;0.1749542473846456;0.22539127429212158;0.17495871565232207;0.17495871573115865;0.174958715644945;0.174958715644944;0.1736630345326594;0.17496117671299827;2808.6950210714713;0.19016147251750226;0.18673150762742807;0.17495871564496956;0.17495871564487117;0.17463216004772936;0.1749607624956574;143219447964368900;-1037560179378688;15525263.63337383;20445.059289614444;6774483057.992841;0.17495871564494503;0.17495871564494508;-316912650057057350000000000000
0.6399999999999999;0.16296183025166855;0.16585285145928746;0.16484233453683764;0.1658528514592876;0.16484233453683772;0.07483064037725456;0.16612610554584184;0.1588147079397031;0.16298843191063103;0.16292143564287795;0.16298843191063106;0.16292143564287814;0.15190107890571947;0.16292418603419356;0.1618519663707963;0.16296182220354305;0.16296185107441605;0.16296182220353922;0.16296185107441133;0.1578693535433709;0.1629685992163754;0.27185814061857627;0.16296183026301;0.1629618303286873;0.16296183025166816;0.1629618302516675;0.1610235792215286;0.16297079249203683;5701.491118870676;0.21957260423369007;0.1427416366577745;0.16296183025166835;0.16296183025155225;0.1629618302516685;0.1629618302516685;-1048576;-5392184445812736;56561077.368246675;19351.239858443383;14646665142.58594;0.1629618302516686;0.1629618302516685;-633825300114114700000000000000
0.6599999999999999;0.15031701259847097;0.1533590856274878;0.15228672022282788;0.1533590856274879;0.1522867202228279;0.06191162593757815;0.15375839222433313;0.14602594293472632;0.1503589643409007;0.15028726084682947;0.15035896434090082;0.15028726084682967;0.13470037343668384;0.15031644186868892;0.14857385844854673;0.15031699980199903;0.1503170340462125;0.15031699980199462;0.1503170340462075;0.14365278539316106;0.15034554533897954;0.31849419540235147;0.1503170126151289;0.1503170126439556;0.15031701259847075;0.15031701259847044;0.14838412391039763;0.1503313371809059;7190.026537656784;0.3310737003048416;0.12913090781512437;0.15031701259836922;0.15031701259828817;0.14999572670707922;0.1503150111334154;-534502256435789800;-21475736304484350;170834813.83594465;-62509.71526245121;31467098754.475506;0.15031701259847097;0.15031701259847108;-7605903601369376000000000000000
0.6799999999999999;0.1370296231624899;0.1402060372412578;0.13906928329801221;0.14020603724125805;0.13906928329801227;0.048992611497901795;0.14072911756102324;0.1326295026537474;0.1370880667392236;0.13701179500503854;0.13708806673922366;0.13701179500503874;0.11749966796764832;0.1370963028627134;0.13462892845166405;0.13702960568525074;0.13702964339154766;0.13702960568524575;0.13702964339154233;0.12943621724295123;0.13708508575245804;0.35809054522255934;0.13702962318610032;0.13702962316273481;0.1370296231624897;0.1370296231624899;0.1357446685992667;0.13704281077960556;5785.753219179809;0.605833911569789;0.1477504434005823;0.1370296231624881;0.13702962316220343;0.1370296231624899;0.13702962316248984;-12582912;-38097344629047300;265766074.02467346;-522333.4734348655;67011742253.53192;0.1370296231624899;0.13702962316248996;-20282409603651670000000000000000
0.7;0.12310521328813578;0.12639639446824966;0.1251926709990039;0.1263963944682498;0.12519267099900397;0.03607359705822538;0.12703828155591185;0.11863353141029738;0.12318105042069392;0.12310038412028132;0.12318105042069408;0.12310038412028157;0.1002989624986127;0.12326376901626712;0.12004348291705011;0.12310519181168397;0.12310523039140037;0.12310519181167832;0.12310523039139502;0.1152196490927414;0.12318722045681113;0.3834382966583405;0.1231052133208265;0.123105213243149;0.12310521328813598;0.1231052132881364;0.12310521328813573;0.12310521328813578;0.12310520745813847;1.3482544934377074;0.1471077596070245;0.12310521328861494;0.1231052132876892;0.12278957910759403;0.12310726493641122;1994789577751003100;176599280402825200;3687765111.024414;-2468546.178768635;141085150681.5057;0.12310521328813573;0.12310521328813584;202824096036516700000000000000000
0.72;0.10854953505269826;0.11193284547611523;0.11065953056241645;0.11193284547611543;0.11065953056241654;0.02315458261854897;0.11268588420899928;0.10404617351790706;0.10864336150086361;0.10855851078124361;0.10864336150086365;0.10855851078124382;0.08309825702957718;0.10881884032935008;0.10484382838160619;0.10854951103560516;0.10854954723143974;0.10854951103559894;0.10854954723143437;0.10100308094253163;0.10865194945203838;0.3873285562888924;0.10854953509751122;0.10854953497758921;0.10854953505269908;0.10854953505269956;0.10731153229884705;0.10853677066103445;-10481.431017920375;3.6330128498375416;0.10307292267680168;0.10854953505269233;0.10854953505200592;0.10854953505269815;0.10854953505269832;-67108864;4150084759403364400;5700483332.171875;-9756943.176643372;292964336815.7178;0.10854953505269815;0.10854953505269826;-324518553658426730000000000000000
0.74;0.09336855171115599;0.09681807843250646;0.09547250922486303;0.09681807843250673;0.0954725092248631;0.010235568178872556;0.09767192552028514;0.0888755732901075;0.09348058353780199;0.09339179683721231;0.09348058353780204;0.09339179683721253;0.06589755156054156;0.09376151680196232;0.08905627138223368;0.09336852753527945;0.09336855747518667;0.09336852753527254;0.09336855747518136;0.08678651279232175;0.09347927273814027;0.36255243069336274;0.09336855177274091;0.09336855163255799;0.09336855171115756;0.09336855171115727;0.09151785130955836;0.0933557088528395;-21277.552985571325;9.835439383983612;0.06492762267589569;0.09336855170847382;0.09336855171008948;0.09305899190710332;0.09336655562363577;-7444656054475948000;29374861868129060000;83880904594.8125;-35221601.972229004;598810722625.3655;0.09336855171115599;0.09336855171115588;1947111321950560400000000000000000
0.76;0.07756844876150837;0.08105478150507545;0.07963425422295708;0.0810547815050756;0.07963425422295714;-0.0026834462608038567;0.08199640548976983;0.07312987504042975;0.07769844017415825;0.07760600607276721;0.07769844017415845;0.07760600607276737;0.04869684609150604;0.07809179843410363;0.07270711845583416;0.07756842783834415;0.07756844714649426;0.07756842783833673;0.07756844714648893;0.07256994464211197;0.07766919031511654;0.3019010264508921;0.07756844884707938;0.07756844870912576;0.07756844876151048;0.07756844876150905;0.07572417032026968;0.07756202786355082;-26832.905788481236;24.155221700668335;0.07119276374578476;0.0775684487614869;0.0775684487598765;0.07756844876150826;0.07756844876150831;234881024;311823807436325650000;-251860191951;-120478020.94335938;1202847724241.594;0.07756844876150826;0.07756844876150842;-2596148429267414000000000000000000
0.78;0.06115564567530196;0.06464564286147403;0.06314741279331185;0.06464564286147419;0.0631474127933119;-0.015602460700480214;0.06565932411745301;0.05681722308240479;0.06130279777922166;0.0612070468824719;0.06130279777922174;0.06120704688247216;0.031496140622470525;0.06180968522577435;0.055822676139309135;0.06115563248129572;0.061155636459694664;0.06115563248128762;0.06115563645968923;0.05835337649190209;0.061221702182967186;0.19816545014063536;0.06115564579572471;0.0611556456705181;0.06115564567530379;0.06115564567530188;0.059930489330980996;0.061155727693168405;-21592.15241742879;58.10431659221649;0.06644001603126526;0.06115564569273329;0.061155645672823576;0.06085262855160034;0.061157703367224425;27783834640547054000;1162203968796625000000;-268808190456;-394137206.03125;2371400296269.2417;0.06115564567530196;0.06115564567530196;-20769187434139310000000000000000000
0.8;0.04413680834169231;0.04759335066935409;0.0460146321725409;0.04759335066935448;0.046014632172540954;-0.028521475140156682;0.048660681403334904;0.039945761729563406;0.04429966809098341;0.04420097494556616;0.04429966809098352;0.044200974945566435;0.014295435153434899;0.044915177176974075;0.038429250969560236;0.044136808341700993;0.044136792237860725;0.044136808341692375;0.0441367922378547;0.04413680834169231;0.04413680834169231;0.04413680834171885;0.04413680851236931;0.04413680838707638;0.04413680834169235;0.04413680834169148;0.0441368083416922;0.04413680834169231;0.04413677752017975;150.34519720077515;-0.001971125602722168;0.04413680834165465;0.04413680833795686;0.04413680834169231;0.04413680834169231;-1073741824;4588790773452999000000;-6126253479424;-1266297372.375;4583052789457.293;0.04413680834169231;0.04413680834169237;83076749736557240000000000000000000
0.8200000000000001;0.026518862277391086;0.02990059309636803;0.02823855959725724;0.0299005930963682;0.028238559597257396;-0.04144048957983304;0.0310004773474154;0.02252363529543712;0.026695210858197153;0.026593995900656902;0.02669521085819728;0.026593995900657072;-0.0029052703156006165;0.027408274287703205;0.02055314948348852;0.026518881683824956;0.026518841061798342;0.026518881683815904;0.026518841061791427;0.023951965553831056;0.026455087036652336;-0.16170327922208116;0.02651886251837663;0.02651886235212959;0.026518862277387187;0.02651886227738956;0.02535032650008906;0.02651932881975333;39117.66472521424;385.82324028015137;-0.12071394920349121;0.026518862139133133;0.026518862271805325;0.026222907500466297;0.026516873000501207;-103690682510698610000;9802375634097803000000;-60443400470528;-3937731782;8671967649052.209;0.026518862277391086;0.026518862277391086;664613997892458000000000000000000000
0.8400000000000001;0.008309006659240281;0.011570058310167386;0.009821842304074672;0.011570058310167677;0.009821842304074714;-0.05435950401950951;0.01267871194969461;0.0045589880935564125;0.00849573648244064;0.008392468020409369;0.008495736482440779;0.008392468020409662;-0.020105975784636243;0.00928897655796146;0.0022206782179961526;0.008309051960468909;0.00830898319464988;0.008309051960459541;0.008308983194641444;0.003767122765969688;0.008217116513207556;-0.3981111402487727;0.00830900699380648;0.008309006725031298;0.008309006659230263;0.008309006659238857;0.006563844658485807;0.008317348137982128;79409.26556617022;863.1703720092773;-0.22175312042236328;0.008309006659118767;0.00830900665095533;0.008309006659240281;0.008309006659240392;-1073741824;-155031170478663440000000;-301521352687616;-12146735008;16040706799404.904;0.008309006659240281;0.00830900665924017;1329227995784916000000000000000000000
0.8600000000000001;-0.01048527075903083;-0.007395565521595759;-0.009232872470393907;-0.007395565521595468;-0.009232872470393873;-0.06727851845918587;-0.006304614789827578;-0.013940035562547387;-0.010292291339823702;-0.010397095113760286;-0.01029229133982355;-0.0103970951137601;-0.03730668125367176;-0.009442716012251107;-0.016541856290015755;-0.010485193583990134;-0.010485292670671005;-0.010485193583999637;-0.010485292670681622;-0.01641772002189157;-0.010577103228641915;-0.6381525892919058;-0.010485270308162375;-0.010485270740254148;-0.010485270759046478;-0.01048527075903139;-0.012222637183117446;-0.010469133703621014;100142.0467196703;1790.5568237304688;-0.5791587829589844;-0.010485269392448093;-0.010485270771217985;-0.010773585559898047;-0.010483205370976911;386978895391644200000;-2117352160655896700000000;-2252505389465600;-35952388096;28942620185840.23;-0.01048527075903083;-0.010485270759030718;-13292279957849159000000000000000000000
0.8799999999999999;-0.029856177779036153;-0.026993590231269245;-0.02892293748953484;-0.026993590231268946;-0.0289229374895347;-0.08019753289886211;-0.025949502871150942;-0.03296529135934337;-0.029662252975186744;-0.029768021936994633;-0.029662252975186584;-0.029768021936994443;-0.05450738672270716;-0.02878680342293427;-0.03570814750364565;-0.029856064462103454;-0.02985619379156054;-0.02985606446211299;-0.029856193791574302;-0.036602562809752714;-0.029927572188895968;-0.8548934409046183;-0.02985617719605164;-0.02985617782048281;-0.029856177779051477;-0.029856177779035223;-0.031009119024720477;-0.029840116705056263;80583.20824575424;4591.936462402344;-1.1232833862304688;-0.029856177779477466;-0.029856177796813727;-0.029856177779036153;-0.029856177779036153;6442450944;-15764597285224972000000000;-10189153488601088;-110109718528;50774842893102.02;-0.029856177779036153;-0.029856177779036153;-31901471898837980000000000000000000000
0.8999999999999999;-0.04979560086632373;-0.04722132765120137;-0.04924570551673485;-0.047221327651200955;-0.04924570551673471;-0.09311654733853858;-0.046255952294275815;-0.05250863498330059;-0.04960737021123239;-0.04971348022630283;-0.04960737021123232;-0.04971348022630265;-0.07170809219174279;-0.048743285674088366;-0.055251888885992306;-0.049795450593791105;-0.04979560683115447;-0.04979545059380027;-0.049795606831172096;-0.05678740559761397;-0.04983429036755482;-1.0213995096405029;-0.049795600149859176;-0.0497956009382547;-0.04979560086632351;-0.049795600866322176;-0.04979560086632373;-0.04979560086632373;-0.04979574680328369;13167.088623046875;-2.348602294921875;-0.04979561865581417;-0.049795600892036836;-0.050075632467686315;-0.04979758142185153;-1444224899072521100000;-113255265591751700000000000;-52952924204040190;-309496168448;86158122773132.23;-0.04979560086632373;-0.04979560086632362;0
0.9199999999999999;-0.07029508715633648;-0.06807608961373987;-0.07019852931538072;-0.06807608961373957;-0.0701985293153807;-0.10603556177821494;-0.06722396305920197;-0.07256192212088802;-0.07012070361447639;-0.07022647442586913;-0.07012070361447632;-0.07022647442586907;-0.0889087976607783;-0.06931216276571317;-0.07514677390015362;-0.07029490500667536;-0.07029508033432517;-0.07029490500668378;-0.07029508033434712;-0.07697224838547534;-0.07029725776461859;-1.110736610052811;-0.07029508632304504;-0.07029508719470338;-0.07029508715629208;-0.07029508715633548;-0.0713788046004431;-0.07031042940609444;-145989.0835545063;22769.49365234375;-3.94677734375;-0.07029508715750765;-0.07029508719320658;-0.07029508715633648;-0.07029508715633637;34359738368;-773095222709680000000000000;-345914085818236900;-1066271637504;140167710833029.45;-0.07029508715633648;-0.07029508715633648;-340282366920938500000000000000000000000
0.94;-0.09134582527174329;-0.08955518795123332;-0.09177876164885909;-0.08955518795123299;-0.09177876164885897;-0.1189545762178914;-0.08885353516592964;-0.09311700845857501;-0.09119514988830417;-0.09129984297236181;-0.09119514988830422;-0.09129984297236175;-0.10610950312981393;-0.09049343469780902;-0.09536649600922892;-0.09134562553175089;-0.0913458061667716;-0.09134562553175826;-0.0913458061667985;-0.0971570911733366;-0.09131647438008694;-1.0959705566955336;-0.09134582434332576;-0.09134582522954263;-0.0913458252716173;-0.09134582527174383;-0.09296200833456236;-0.09135944554303949;-296359.47402358055;-3911.333984375;-11.995361328125;-0.09134549391427527;-0.09134582532414735;-0.09161685600688563;-0.09134374997177097;5389920701029437000000;-5207264976288804000000000000;-1309573010729992200;-2334384979968;215110785882077.03;-0.09134582527174329;-0.09134582527174329;-680564733841877000000000000000000000000
0.96;-0.11293862485743478;-0.11165593449602929;-0.11398375528055664;-0.11165593449602887;-0.11398375528055651;-0.13187359065756776;-0.1111446686144586;-0.11416574968282997;-0.11282343923091111;-0.11292625562024079;-0.11282343923091101;-0.11292625562024075;-0.12331020859884945;-0.11228710147037535;-0.11588474867631637;-0.11293843543722593;-0.11293859985693283;-0.11293843543723159;-0.11293859985696454;-0.11734193396119796;-0.1128919402139602;-0.9501671641212965;-0.112938623805158;-0.11293862478134302;-0.11293862485720474;-0.11293862485743603;-0.11454521206868185;-0.11294264927715891;-373735.3584039211;105814.90234375;-17.611328125;-0.11293862487286788;-0.1129386249312473;-0.11293862485743478;-0.11293862485743489;68719476736;-28815814165339815000000000000;-5388821884911485000;-9292304351232;301053925318371.9;-0.11293862485743478;-0.11293862485743467;2722258935367508000000000000000000000000
0.98;-0.13506389473097513;-0.13437564108047562;-0.1368108629738597;-0.1343756410804754;-0.13681086297385958;-0.14479260509724423;-0.13409736340478884;-0.13570000148012204;-0.13499813269323963;-0.1350982107670669;-0.13499813269323968;-0.13509821076706685;-0.14051091406788507;-0.1346931630834125;-0.13667522536451382;-0.13506376294068267;-0.13506387977756928;-0.13506376294068584;-0.135063879777605;-0.13752677674905922;-0.13502365526623794;-0.6463922468840337;-0.13506389332873;-0.1350638947508047;-0.13506389473070368;-0.13506389473097444;-0.1361284158028011;-0.13506004060845256;-300740.8738992214;1922318.703125;-38.03515625;-0.13507440834291629;-0.13506389483397757;-0.13532512219717752;-0.1350658639876955;-20115457904358030000000;-170961264811963100000000000000;-30404336134224085000;-29656950505472;351473481044711.75;-0.13506389473097513;-0.13506389473097513;0
1;-0.1577116195369206;-0.15771161953692087;-0.1602574374921553;-0.15771161953692053;-0.1602574374921552;-0.1577116195369206;-0.1577116195369206;-0.15771161953692053;-0.15771161953692064;-0.15780803277881042;-0.15771161953692064;-0.1578080327788104;-0.1577116195369206;-0.1577116195369206;-0.1577116195369208;-0.1577116195369203;-0.15771164510087338;-0.15771161953692045;-0.15771164510091118;-0.1577116195369206;-0.1577116195369206;-0.1577116195369399;-0.15771161703620568;-0.15771161944481915;-0.15771161953692042;-0.157711619536922;-0.1577116195369206;-0.1577116195369206;-0.15771150588989258;462955.625;-81.703125;-0.15771161955399293;-0.15771161967927796;-0.15771161953692048;-0.15771161953692064;0;-927373947549844800000000000000;-103224525461215250000;-76860587245568;224958595741123.13;-0.15771161953692048;-0.15771161953692064;-43556142965880123000000000000000000000000
